CREATE TABLE polzovateli1(
    ID INT PRIMARY KEY,
    Имя VARCHAR(100),
    КонтактныеДанные VARCHAR(150),
    ДатаРегистрации DATE,
    КоличествоОбъявлений INT
);

-- Пользователи
INSERT INTO polzovateli1 (ID, Имя, КонтактныеДанные, ДатаРегистрации, КоличествоОбъявлений) VALUES
(1, 'Илья Никифоров', 'ilya.nikiforov@example.com', '2023-02-05', 2),
(2, 'Юлия Попова', 'yulia.popova@example.com', '2023-03-08', 3),
(3, 'Сергей Павлов', 'sergey.pavlov@example.com', '2023-04-10', 5),
(4, 'Алексей Федоров', 'alexey.fedorov@example.com', '2023-05-20', 1),
(5, 'Марина Соловьева', 'marina.solovieva@example.com', '2023-06-12', 4),
(6, 'Дмитрий Морозов', 'dmitry.morozov@example.com', '2023-07-18', 2),
(7, 'Андрей Смирнов', 'andrey.smirnov@example.com', '2023-08-22', 3),
(8, 'Светлана Васильева', 'svetlana.vasilyeva@example.com', '2023-09-01', 1),
(9, 'Николай Кузнецов', 'nikolay.kuznetsov@example.com', '2023-09-10', 6),
(10, 'Ольга Иванова', 'olga.ivanova@example.com', '2023-10-05', 2),
(11, 'Виктор Петров', 'victor.petrov@example.com', '2023-11-20', 4),
(12, 'Елена Сидорова', 'elena.sidorova@example.com', '2023-12-01', 3),
(13, 'Анна Крылова', 'anna.krylova@example.com', '2024-01-15', 1),
(14, 'Михаил Голубев', 'mikhail.golubev@example.com', '2024-02-08', 5),
(15, 'Олег Корнеев', 'oleg.korneev@example.com', '2024-03-10', 3),
(16, 'Мария Орлова', 'maria.orlova@example.com', '2024-03-30', 4),
(17, 'Иван Чернов', 'ivan.chernov@example.com', '2024-04-05', 1),
(18, 'Александра Михайлова', 'alexandra.mikhaylova@example.com', '2024-04-20', 2),
(19, 'Павел Захаров', 'pavel.zakharov@example.com', '2024-05-01', 4),
(20, 'Екатерина Белов', 'ekaterina.belov@example.com', '2024-05-10', 5),
(21, 'Юрий Соколов', 'yuri.sokolov@example.com', '2024-06-03', 3),
(22, 'Надежда Григорьева', 'nadezhda.grigoryeva@example.com', '2024-06-18', 1),
(23, 'Артем Миронов', 'artem.mironov@example.com', '2024-07-01', 4),
(24, 'Татьяна Трофимова', 'tatiana.trofimova@example.com', '2024-07-15', 3),
(25, 'Станислав Еремеев', 'stanislav.eremeev@example.com', '2024-08-01', 2),
(26, 'Елизавета Волкова', 'elizaveta.volkova@example.com', '2024-08-10', 1),
(27, 'Оксана Романова', 'oksana.romanova@example.com', '2024-08-20', 3),
(28, 'Владимир Панкратов', 'vladimir.pankratov@example.com', '2024-09-05', 2),
(29, 'Роман Воробьев', 'roman.vorobyev@example.com', '2024-09-20', 4),
(30, 'Алиса Андреева', 'alisa.andreeva@example.com', '2024-10-01', 1),
(31, 'Кирилл Данилов', 'kirill.danilov@example.com', '2024-10-15', 5),
(32, 'Ирина Пономарева', 'irina.ponomareva@example.com', '2024-11-05', 2),
(33, 'Денис Буров', 'denis.burov@example.com', '2024-11-20', 3),
(34, 'София Климова', 'sofia.klimova@example.com', '2024-12-03', 1),
(35, 'Вадим Фролов', 'vadim.frolov@example.com', '2024-12-20', 4),
(36, 'Ольга Гончарова', 'olga.goncharova@example.com', '2025-01-15', 5),
(37, 'Максим Рябов', 'maxim.ryabov@example.com', '2025-02-02', 2),
(38, 'Валерия Зайцева', 'valeria.zaytseva@example.com', '2025-02-18', 1),
(39, 'Виктория Тарасова', 'victoria.tarasova@example.com', '2025-03-05', 3),
(40, 'Константин Щербаков', 'konstantin.shcherbakov@example.com', '2025-03-20', 4),
(41, 'Сергей Гаврилов', 'sergey.gavrilov@example.com', '2025-04-10', 2),
(42, 'Юлия Воронова', 'yulia.voronova@example.com', '2025-04-18', 1),
(43, 'Андрей Громов', 'andrey.gromov@example.com', '2025-05-05', 4),
(44, 'Оксана Савельева', 'oksana.saveleva@example.com', '2025-05-20', 3),
(45, 'Виктор Иванов', 'victor.ivanov@example.com', '2025-06-01', 2),
(46, 'Екатерина Соловьева', 'ekaterina.solovieva@example.com', '2025-06-10', 1),
(47, 'Артем Кузьмин', 'artem.kuzmin@example.com', '2025-06-20', 3),
(48, 'Марина Ковалева', 'marina.kovaleva@example.com', '2025-07-01', 2),
(49, 'Игорь Зуев', 'igor.zuev@example.com', '2025-07-15', 5),
(50, 'Ая Хаби', 'aya.khabi@example.com', '2025-10-30', 3);
SELECT * FROM polzovateli1;

-- Таблица Объявления
CREATE TABLE obiavlenia (
    ID INT PRIMARY KEY,
    ID_Пользователя INT,
    ТранспортноеСредствоID INT,
    Цена DECIMAL(10, 2),
    Статус VARCHAR(20),
    ДатаРазмещения DATE,
    FOREIGN KEY (ID_Пользователя) REFERENCES polzovateli1(ID),
    FOREIGN KEY (ТранспортноеСредствоID) REFERENCES transportnyeSredstva(ID)
);
INSERT INTO obiavlenia (ID, ID_Пользователя, ТранспортноеСредствоID, Цена, Статус, ДатаРазмещения)
VALUES
(1, 1, 1, 12000000.00, 'Активно', '2024-01-01'),
(2, 2, 2, 25000000.00, 'Активно', '2024-01-02'),
(3, 3, 3, 32000000.00, 'Активно', '2024-01-03'),
(4, 4, 4, 15000000.00, 'Активно', '2024-01-04'),
(5, 5, 5, 7000000.00, 'Активно', '2024-01-05'),
(6, 6, 6, 10000000.00, 'Активно', '2024-01-06'),
(7, 7, 7, 13000000.00, 'Активно', '2024-01-07'),
(8, 8, 8, 20000000.00, 'Активно', '2024-01-08'),
(9, 9, 9, 18000000.00, 'Активно', '2024-01-09'),
(10, 10, 10, 9500000.00, 'Активно', '2024-01-10'),
(11, 1, 11, 6000000.00, 'Активно', '2024-01-11'),
(12, 2, 12, 17000000.00, 'Активно', '2024-01-12'),
(13, 3, 13, 20000000.00, 'Активно', '2024-01-13'),
(14, 4, 14, 30000000.00, 'Активно', '2024-01-14'),
(15, 5, 15, 4500000.00, 'Активно', '2024-01-15'),
(16, 6, 16, 8500000.00, 'Активно', '2024-01-16'),
(17, 7, 17, 12000000.00, 'Активно', '2024-01-17'),
(18, 8, 18, 50000000.00, 'Активно', '2024-01-18'),
(19, 9, 19, 40000000.00, 'Активно', '2024-01-19'),
(20, 10, 20, 17000000.00, 'Активно', '2024-01-20'),
(21, 1, 21, 14000000.00, 'Активно', '2024-01-21'),
(22, 2, 22, 45000000.00, 'Активно', '2024-01-22'),
(23, 3, 23, 6000000.00, 'Активно', '2024-01-23'),
(24, 4, 24, 12000000.00, 'Активно', '2024-01-24'),
(25, 5, 25, 18000000.00, 'Активно', '2024-01-25'),
(26, 6, 26, 9000000.00, 'Активно', '2024-01-26'),
(27, 7, 27, 14000000.00, 'Активно', '2024-01-27'),
(28, 8, 28, 20000000.00, 'Активно', '2024-01-28'),
(29, 9, 29, 40000000.00, 'Активно', '2024-01-29'),
(30, 10, 30, 25000000.00, 'Активно', '2024-01-30'),
(31, 1, 31, 30000000.00, 'Активно', '2024-01-31'),
(32, 2, 32, 45000000.00, 'Активно', '2024-02-01'),
(33, 3, 33, 11000000.00, 'Активно', '2024-02-02'),
(34, 4, 34, 5000000.00, 'Активно', '2024-02-03'),
(35, 5, 35, 12000000.00, 'Активно', '2024-02-04'),
(36, 6, 36, 17000000.00, 'Активно', '2024-02-05'),
(37, 7, 37, 9500000.00, 'Активно', '2024-02-06'),
(38, 8, 38, 22000000.00, 'Активно', '2024-02-07'),
(39, 9, 39, 13000000.00, 'Активно', '2024-02-08'),
(40, 10, 40, 18000000.00, 'Активно', '2024-02-09'),
(41, 1, 41, 35000000.00, 'Активно', '2024-02-10'),
(42, 2, 42, 60000000.00, 'Активно', '2024-02-11'),
(43, 3, 43, 50000000.00, 'Активно', '2024-02-12'),
(44, 4, 44, 40000000.00, 'Активно', '2024-02-13'),
(45, 5, 45, 22000000.00, 'Активно', '2024-02-14'),
(46, 6, 46, 15000000.00, 'Активно', '2024-02-15'),
(47, 7, 47, 20000000.00, 'Активно', '2024-02-16'),
(48, 8, 48, 13000000.00, 'Активно', '2024-02-17'),
(49, 9, 49, 14000000.00, 'Активно', '2024-02-18'),
(50, 10, 50, 18000000.00, 'Активно', '2024-02-19'),
(51, 1, 51, 20000000.00, 'Активно', '2024-02-20'),
(52, 2, 52, 9000000.00, 'Активно', '2024-02-21'),
(53, 3, 53, 7000000.00, 'Активно', '2024-02-22'),
(54, 4, 54, 23000000.00, 'Активно', '2024-02-23'),
(55, 5, 55, 40000000.00, 'Активно', '2024-02-24'),
(56, 6, 56, 17000000.00, 'Активно', '2024-02-25'),
(57, 7, 57, 60000000.00, 'Активно', '2024-02-26'),
(58, 8, 58, 25000000.00, 'Активно', '2024-02-27'),
(59, 9, 59, 27000000.00, 'Активно', '2024-02-28'),
(60, 10, 60, 22000000.00, 'Активно', '2024-02-29');

SELECT * FROM obiavlenia;


-- Таблица ТранспортныеСредства
CREATE TABLE transportnyeSredstva (
    ID INT PRIMARY KEY,
    Бренд VARCHAR(50),
    Модель VARCHAR(50),
    Год INT,
	Город VARCHAR(50),
    Кузов VARCHAR(50),
    ОбъемДвигателя DECIMAL(4, 2),
	Пробег INT,
    КоробкаПередач VARCHAR(20),
    Руль VARCHAR(20),
    Цвет VARCHAR(20),
    Привод VARCHAR(20),
    РастаможенВКазахстане BOOLEAN,
	ВидТоплива VARCHAR(20)
);
INSERT INTO transportnyeSredstva (ID, Бренд, Модель, Год, Город, Кузов, ОбъемДвигателя, Пробег, КоробкаПередач, Руль, Цвет, Привод, РастаможенВКазахстане, ВидТоплива)
VALUES
(1, 'Toyota', 'Camry', 2021, 'Алматы', 'Седан', 2.5, 25000, 'Автомат', 'Левый', 'Белый', 'Передний', TRUE, 'Бензин'),
(2, 'Lexus', 'RX 350', 2020, 'Астана', 'Внедорожник', 3.5, 50000, 'Автомат', 'Левый', 'Черный', 'Полный', TRUE, 'Бензин'),
(3, 'BMW', 'X5', 2019, 'Шымкент', 'Внедорожник', 3.0, 60000, 'Автомат', 'Левый', 'Синий', 'Полный', TRUE, 'Дизель'),
(4, 'Mercedes-Benz', 'C-Class', 2021, 'Алматы', 'Седан', 2.0, 15000, 'Автомат', 'Левый', 'Серый', 'Задний', TRUE, 'Бензин'),
(5, 'Hyundai', 'Elantra', 2022, 'Актобе', 'Седан', 1.6, 5000, 'Автомат', 'Левый', 'Красный', 'Передний', TRUE, 'Бензин'),
(6, 'Nissan', 'Qashqai', 2020, 'Караганда', 'Кроссовер', 2.0, 40000, 'Вариатор', 'Левый', 'Белый', 'Передний', TRUE, 'Бензин'),
(7, 'Kia', 'Sorento', 2018, 'Павлодар', 'Кроссовер', 2.2, 80000, 'Автомат', 'Левый', 'Черный', 'Полный', TRUE, 'Дизель'),
(8, 'Audi', 'A6', 2021, 'Костанай', 'Седан', 2.0, 20000, 'Автомат', 'Левый', 'Серебристый', 'Передний', TRUE, 'Бензин'),
(9, 'Volkswagen', 'Tiguan', 2019, 'Тараз', 'Кроссовер', 2.0, 55000, 'Автомат', 'Левый', 'Синий', 'Полный', TRUE, 'Бензин'),
(10, 'Chevrolet', 'Captiva', 2022, 'Алматы', 'Кроссовер', 1.5, 10000, 'Автомат', 'Левый', 'Красный', 'Передний', TRUE, 'Бензин'),
(11, 'Ford', 'Focus', 2017, 'Атырау', 'Хэтчбек', 1.6, 70000, 'Механика', 'Левый', 'Белый', 'Передний', TRUE, 'Бензин'),
(12, 'Honda', 'CR-V', 2019, 'Уральск', 'Кроссовер', 2.4, 60000, 'Автомат', 'Левый', 'Черный', 'Полный', TRUE, 'Бензин'),
(13, 'Mazda', 'CX-5', 2021, 'Кызылорда', 'Кроссовер', 2.5, 30000, 'Автомат', 'Левый', 'Белый', 'Полный', TRUE, 'Бензин'),
(14, 'Tesla', 'Model 3', 2022, 'Алматы', 'Седан', 0.0, 5000, 'Автомат', 'Левый', 'Серый', 'Полный', TRUE, 'Электро'),
(15, 'Lada', 'Vesta', 2020, 'Караганда', 'Седан', 1.6, 30000, 'Механика', 'Левый', 'Серебристый', 'Передний', TRUE, 'Бензин'),
(16, 'Renault', 'Duster', 2018, 'Астана', 'Кроссовер', 1.5, 90000, 'Механика', 'Левый', 'Черный', 'Полный', TRUE, 'Дизель'),
(17, 'Suzuki', 'Vitara', 2021, 'Шымкент', 'Кроссовер', 1.4, 15000, 'Автомат', 'Левый', 'Синий', 'Полный', TRUE, 'Бензин'),
(18, 'Porsche', 'Cayenne', 2020, 'Алматы', 'Внедорожник', 3.0, 35000, 'Автомат', 'Левый', 'Красный', 'Полный', TRUE, 'Бензин'),
(19, 'Jeep', 'Grand Cherokee', 2019, 'Актобе', 'Внедорожник', 3.6, 50000, 'Автомат', 'Левый', 'Черный', 'Полный', TRUE, 'Бензин'),
(20, 'Mitsubishi', 'Outlander', 2021, 'Тараз', 'Кроссовер', 2.4, 30000, 'Вариатор', 'Левый', 'Серый', 'Полный', TRUE, 'Бензин'),
(21, 'Chevrolet', 'Malibu', 2022, 'Алматы', 'Седан', 1.5, 5000, 'Автомат', 'Левый', 'Белый', 'Передний', TRUE, 'Бензин'),
(22, 'Toyota', 'Land Cruiser 300', 2023, 'Астана', 'Внедорожник', 3.5, 0, 'Автомат', 'Левый', 'Черный', 'Полный', TRUE, 'Бензин'),
(23, 'Kia', 'Rio', 2020, 'Шымкент', 'Седан', 1.4, 40000, 'Механика', 'Левый', 'Красный', 'Передний', TRUE, 'Бензин'),
(24, 'Hyundai', 'Santa Fe', 2019, 'Караганда', 'Кроссовер', 2.2, 60000, 'Автомат', 'Левый', 'Синий', 'Полный', TRUE, 'Дизель'),
(25, 'Nissan', 'Pathfinder', 2018, 'Тараз', 'Внедорожник', 3.5, 80000, 'Автомат', 'Левый', 'Серый', 'Полный', TRUE, 'Бензин'),
(26, 'Mazda', '6', 2021, 'Актобе', 'Седан', 2.0, 20000, 'Автомат', 'Левый', 'Белый', 'Передний', TRUE, 'Бензин'),
(27, 'Volkswagen', 'Passat', 2020, 'Алматы', 'Седан', 2.0, 30000, 'Автомат', 'Левый', 'Серебристый', 'Передний', TRUE, 'Бензин'),
(28, 'BMW', '3 Series', 2022, 'Астана', 'Седан', 2.0, 10000, 'Автомат', 'Левый', 'Черный', 'Задний', TRUE, 'Бензин'),
(29, 'Lexus', 'LX 570', 2021, 'Шымкент', 'Внедорожник', 5.7, 40000, 'Автомат', 'Левый', 'Белый', 'Полный', TRUE, 'Бензин'),
(30, 'Porsche', 'Macan', 2020, 'Костанай', 'Кроссовер', 2.0, 15000, 'Автомат', 'Левый', 'Красный', 'Полный', TRUE, 'Бензин'),
(31, 'Audi', 'Q7', 2019, 'Алматы', 'Внедорожник', 3.0, 50000, 'Автомат', 'Левый', 'Синий', 'Полный', TRUE, 'Дизель'),
(32, 'Mercedes-Benz', 'GLE', 2022, 'Астана', 'Кроссовер', 3.0, 10000, 'Автомат', 'Левый', 'Белый', 'Полный', TRUE, 'Бензин'),
(33, 'Honda', 'Accord', 2020, 'Шымкент', 'Седан', 1.5, 30000, 'Автомат', 'Левый', 'Черный', 'Передний', TRUE, 'Бензин'),
(34, 'Renault', 'Logan', 2018, 'Караганда', 'Седан', 1.6, 80000, 'Механика', 'Левый', 'Серебристый', 'Передний', TRUE, 'Бензин'),
(35, 'Toyota', 'Corolla', 2021, 'Тараз', 'Седан', 1.8, 15000, 'Автомат', 'Левый', 'Белый', 'Передний', TRUE, 'Бензин'),
(36, 'Kia', 'K5', 2022, 'Актобе', 'Седан', 2.0, 5000, 'Автомат', 'Левый', 'Красный', 'Передний', TRUE, 'Бензин'),
(37, 'Hyundai', 'Creta', 2021, 'Алматы', 'Кроссовер', 1.6, 20000, 'Автомат', 'Левый', 'Синий', 'Передний', TRUE, 'Бензин'),
(38, 'Mazda', 'CX-9', 2020, 'Астана', 'Кроссовер', 2.5, 30000, 'Автомат', 'Левый', 'Черный', 'Полный', TRUE, 'Бензин'),
(39, 'Chevrolet', 'Trailblazer', 2021, 'Шымкент', 'Кроссовер', 1.5, 15000, 'Автомат', 'Левый', 'Белый', 'Передний', TRUE, 'Бензин'),
(40, 'Ford', 'Kuga', 2019, 'Костанай', 'Кроссовер', 2.0, 40000, 'Автомат', 'Левый', 'Серый', 'Полный', TRUE, 'Дизель'),
(41, 'BMW', '5 Series', 2022, 'Алматы', 'Седан', 3.0, 10000, 'Автомат', 'Левый', 'Белый', 'Задний', TRUE, 'Бензин'),
(42, 'Tesla', 'Model Y', 2023, 'Астана', 'Кроссовер', 0.0, 0, 'Автомат', 'Левый', 'Красный', 'Полный', TRUE, 'Электро'),
(43, 'Mercedes-Benz', 'S-Class', 2021, 'Шымкент', 'Седан', 4.0, 20000, 'Автомат', 'Левый', 'Черный', 'Полный', TRUE, 'Бензин'),
(44, 'Toyota', 'Highlander', 2022, 'Караганда', 'Кроссовер', 3.5, 5000, 'Автомат', 'Левый', 'Серебристый', 'Полный', TRUE, 'Бензин'),
(45, 'Nissan', 'Murano', 2020, 'Тараз', 'Кроссовер', 2.5, 40000, 'Автомат', 'Левый', 'Белый', 'Полный', TRUE, 'Бензин'),
(46, 'Kia', 'Seltos', 2021, 'Актобе', 'Кроссовер', 1.6, 15000, 'Автомат', 'Левый', 'Красный', 'Передний', TRUE, 'Бензин'),
(47, 'Hyundai', 'Tucson', 2019, 'Алматы', 'Кроссовер', 2.0, 70000, 'Автомат', 'Левый', 'Синий', 'Полный', TRUE, 'Дизель'),
(48, 'Chevrolet', 'Equinox', 2020, 'Астана', 'Кроссовер', 1.5, 50000, 'Автомат', 'Левый', 'Черный', 'Передний', TRUE, 'Бензин'),
(49, 'Mazda', '3', 2021, 'Шымкент', 'Седан', 2.0, 20000, 'Автомат', 'Левый', 'Белый', 'Передний', TRUE, 'Бензин'),
(50, 'Audi', 'A4', 2022, 'Костанай', 'Седан', 2.0, 10000, 'Автомат', 'Левый', 'Красный', 'Передний', TRUE, 'Бензин'),
(51, 'Toyota', 'RAV4', 2022, 'Алматы', 'Кроссовер', 2.5, 5000, 'Автомат', 'Левый', 'Белый', 'Полный', TRUE, 'Бензин'),
(52, 'Volkswagen', 'Jetta', 2018, 'Астана', 'Седан', 1.4, 80000, 'Автомат', 'Левый', 'Серебристый', 'Передний', TRUE, 'Бензин'),
(53, 'Renault', 'Sandero', 2020, 'Шымкент', 'Хэтчбек', 1.6, 50000, 'Механика', 'Левый', 'Черный', 'Передний', TRUE, 'Бензин'),
(54, 'Honda', 'Pilot', 2021, 'Караганда', 'Внедорожник', 3.5, 20000, 'Автомат', 'Левый', 'Белый', 'Полный', TRUE, 'Бензин'),
(55, 'Ford', 'Explorer', 2019, 'Тараз', 'Внедорожник', 3.0, 60000, 'Автомат', 'Левый', 'Синий', 'Полный', TRUE, 'Дизель'),
(56, 'BMW', 'X3', 2022, 'Актобе', 'Кроссовер', 2.0, 15000, 'Автомат', 'Левый', 'Черный', 'Полный', TRUE, 'Бензин'),
(57, 'Mercedes-Benz', 'GLS', 2021, 'Алматы', 'Кроссовер', 4.0, 20000, 'Автомат', 'Левый', 'Красный', 'Полный', TRUE, 'Бензин'),
(58, 'Audi', 'Q5', 2022, 'Астана', 'Кроссовер', 2.0, 5000, 'Автомат', 'Левый', 'Белый', 'Полный', TRUE, 'Бензин'),
(59, 'Toyota', 'Fortuner', 2020, 'Шымкент', 'Внедорожник', 2.8, 60000, 'Автомат', 'Левый', 'Серебристый', 'Полный', TRUE, 'Дизель'),
(60, 'Mazda', 'CX-30', 2021, 'Караганда', 'Кроссовер', 2.0, 20000, 'Автомат', 'Левый', 'Синий', 'Полный', TRUE, 'Бензин');


SELECT * FROM transportnyeSredstva;



CREATE TABLE chat1 (
    ID INT PRIMARY KEY,
    ID_Пользователя1 INT NOT NULL,
    ID_Пользователя2 INT NOT NULL, 
    Сообщение TEXT NOT NULL CHECK (LENGTH(Сообщение) > 0), 
    Дата DATE,
    FOREIGN KEY (ID_Пользователя1) REFERENCES polzovateli1(ID) ON DELETE CASCADE,
    FOREIGN KEY (ID_Пользователя2) REFERENCES polzovateli1(ID) ON DELETE CASCADE,
    CHECK (ID_Пользователя1 <> ID_Пользователя2) 
);


INSERT INTO chat1 (ID, ID_Пользователя1, ID_Пользователя2, Сообщение, Дата) VALUES
(1, 1, 2, 'Привет, ты еще продаешь этот товар?', '2023-04-01'),
(2, 2, 1, 'Да, еще актуально. Хочешь купить?', '2023-04-02'),
(3, 3, 4, 'Добрый день, сколько будет стоить доставка?', '2023-04-03'),
(4, 4, 3, 'Доставка бесплатная, если товар дороже 5000 рублей', '2023-04-04'),
(5, 5, 6, 'Здравствуйте, товар по-прежнему в наличии?', '2023-04-05'),
(6, 6, 5, 'Да, он в наличии, приходите посмотреть.', '2023-04-06'),
(7, 7, 8, 'Как быстро вы можете отправить товар?', '2023-04-07'),
(8, 8, 7, 'Отправлю завтра, все будет готово', '2023-04-08'),
(9, 9, 10, 'Вы можете сделать скидку на этот товар?', '2023-04-09'),
(10, 10, 9, 'Могу предложить небольшую скидку', '2023-04-10'),
(11, 11, 12, 'Каков реальный срок службы этого устройства?', '2023-04-11'),
(12, 12, 11, 'Устройство прослужит минимум 3 года при правильном использовании', '2023-04-12'),
(13, 13, 14, 'Когда товар будет доставлен?', '2023-04-13'),
(14, 14, 13, 'Доставка занимает 3-5 рабочих дней', '2023-04-14'),
(15, 15, 16, 'Можно ли вернуть товар, если он не подошел?', '2023-04-15'),
(16, 16, 15, 'Да, у нас есть политика возврата в течение 14 дней', '2023-04-16'),
(17, 17, 18, 'У вас есть товар в другом цвете?', '2023-04-17'),
(18, 18, 17, 'Нет, только в этом цвете, но могу предложить похожий вариант', '2023-04-18'),
(19, 19, 20, 'Я ищу товар для бизнеса, что вы можете предложить?', '2023-04-19'),
(20, 20, 19, 'Мы предлагаем скидки для оптовых покупателей', '2023-04-20'),
(21, 21, 22, 'Какие товары вы можете порекомендовать для домашнего использования?', '2023-04-21'),
(22, 22, 21, 'Рекомендую наши кухонные товары и аксессуары', '2023-04-22'),
(23, 23, 24, 'Как скоро я могу забрать заказ в вашем магазине?', '2023-04-23'),
(24, 24, 23, 'Вы можете забрать его через 2 часа после оформления заказа', '2023-04-24'),
(25, 25, 26, 'Какой срок гарантии на этот товар?', '2023-04-25'),
(26, 26, 25, 'Гарантия 1 год', '2023-04-26'),
(27, 27, 28, 'Я не нашел ваш магазин на карте, где он находится?', '2023-04-27'),
(28, 28, 27, 'Мы находимся на улице Ленина, дом 10', '2023-04-28'),
(29, 29, 30, 'Что в комплекте с этим товаром?', '2023-04-29'),
(30, 30, 29, 'В комплекте идет зарядное устройство и руководство пользователя', '2023-04-30'),
(31, 31, 32, 'Когда товар поступит в продажу?', '2023-05-01'),
(32, 32, 31, 'Товар будет доступен через неделю', '2023-05-02'),
(33, 33, 34, 'Могу ли я заказать несколько единиц товара?', '2023-05-03'),
(34, 34, 33, 'Да, у нас есть оптовые скидки', '2023-05-04'),
(35, 35, 36, 'Как мне оформить возврат товара?', '2023-05-05'),
(36, 36, 35, 'Оформите заявку на нашем сайте и отправьте товар обратно', '2023-05-06'),
(37, 37, 38, 'Что делать, если товар пришел поврежденным?', '2023-05-07'),
(38, 38, 37, 'Свяжитесь с нами, и мы вам все компенсируем', '2023-05-08'),
(39, 39, 40, 'Как долго доставка в другой город?', '2023-05-09'),
(40, 40, 39, 'Доставка в другой город занимает 5-7 дней', '2023-05-10'),
(41, 41, 42, 'Можно ли получить скидку на следующий заказ?', '2023-05-11'),
(42, 42, 41, 'Да, у нас есть программа лояльности для постоянных клиентов', '2023-05-12'),
(43, 43, 44, 'Что входит в бесплатную доставку?', '2023-05-13'),
(44, 44, 43, 'Бесплатная доставка включает только стандартную пересылку', '2023-05-14'),
(45, 45, 46, 'Есть ли у вас товары для детей?', '2023-05-15'),
(46, 46, 45, 'Да, у нас есть отдельный раздел для товаров для детей', '2023-05-16'),
(47, 47, 48, 'Можно ли забрать товар с пункта самовывоза?', '2023-05-17'),
(48, 48, 47, 'Да, мы предоставляем возможность самовывоза', '2023-05-18'),
(49, 49, 50, 'Когда будет новая партия товара?', '2023-05-19'),
(50, 50, 49, 'Новая партия поступит в следующем месяце', '2023-05-20');

select*from chat1;


CREATE TABLE otzyv (
    ID INT PRIMARY KEY, 
    ID_Пользователя INT NOT NULL,
    Оценка INT NOT NULL CHECK (Оценка BETWEEN 1 AND 5), 
    Комментарий TEXT, 
    Дата DATE,
    FOREIGN KEY (ID_Пользователя) REFERENCES polzovateli1(ID) ON DELETE CASCADE
);

INSERT INTO otzyv (ID, ID_Пользователя, Оценка, Комментарий, Дата) VALUES
(1, 1, 5, 'Отличный продавец! Все прошло идеально.', '2023-02-10'),
(2, 2, 4, 'Продавец ответил на все вопросы, рекомендую.', '2023-03-11'),
(3, 3, 3, 'Долго отвечал, но товар соответствует описанию.', '2023-04-22'),
(4, 4, 5, 'Очень доволен покупкой, рекомендую!', '2023-05-05'),
(5, 5, 2, 'Не понравилось, что не смогли договориться о цене.', '2023-06-13'),
(6, 6, 5, 'Все прошло гладко, отличное общение.', '2023-07-15'),
(7, 7, 4, 'Все ок, но могли бы договориться о торге.', '2023-08-10'),
(8, 8, 3, 'Товар нормальный, но описания маловато.', '2023-09-15'),
(9, 9, 5, 'Отличный продавец! Очень рекомендую.', '2023-10-05'),
(10, 10, 2, 'Нормально, но могло быть лучше.', '2023-10-20');

select*from otzyv;


CREATE TABLE photo (
    ID INT PRIMARY KEY,
    ID_Объявления INT,
    URL TEXT,
    Описание VARCHAR(100),
    FOREIGN KEY (ID_Объявления) REFERENCES obiavlenia(ID)
);

INSERT INTO photo (ID, ID_Объявления, URL, Описание) VALUES
(1, 1, 'https://example.com/photo1.jpg', 'Фото переднего вида'),
(2, 2, 'https://example.com/photo2.jpg', 'Фото бокового вида'),
(3, 3, 'https://example.com/photo3.jpg', 'Фото заднего вида'),
(4, 4, 'https://example.com/photo4.jpg', 'Фото салона'),
(5, 5, 'https://example.com/photo5.jpg', 'Фото двигателя'),
(6, 6, 'https://example.com/photo6.jpg', 'Фото кузова'),
(7, 7, 'https://example.com/photo7.jpg', 'Фото фар'),
(8, 8, 'https://example.com/photo8.jpg', 'Фото багажника'),
(9, 9, 'https://example.com/photo9.jpg', 'Фото приборной панели'),
(10, 10, 'https://example.com/photo10.jpg', 'Фото руля'),
(11, 11, 'https://example.com/photo11.jpg', 'Фото переднего бампера'),
(12, 12, 'https://example.com/photo12.jpg', 'Фото салона'),
(13, 13, 'https://example.com/photo13.jpg', 'Фото бокового вида'),
(14, 14, 'https://example.com/photo14.jpg', 'Фото двигателя'),
(15, 15, 'https://example.com/photo15.jpg', 'Фото кузова'),
(16, 16, 'https://example.com/photo16.jpg', 'Фото фар'),
(17, 17, 'https://example.com/photo17.jpg', 'Фото багажника'),
(18, 18, 'https://example.com/photo18.jpg', 'Фото приборной панели'),
(19, 19, 'https://example.com/photo19.jpg', 'Фото руля'),
(20, 20, 'https://example.com/photo20.jpg', 'Фото колеса'),
(21, 21, 'https://example.com/photo21.jpg', 'Общий вид автомобиля'),
(22, 22, 'https://example.com/photo22.jpg', 'Задний вид'),
(23, 23, 'https://example.com/photo23.jpg', 'Панорамное фото'),
(24, 24, 'https://example.com/photo24.jpg', 'Дополнительные фото салона'),
(25, 25, 'https://example.com/photo25.jpg', 'Общий вид двигателя'),
(26, 26, 'https://example.com/photo26.jpg', 'Фото заднего бампера'),
(27, 27, 'https://example.com/photo27.jpg', 'Фото крыши'),
(28, 28, 'https://example.com/photo28.jpg', 'Вид сбоку слева'),
(29, 29, 'https://example.com/photo29.jpg', 'Фото кондиционера'),
(30, 30, 'https://example.com/photo30.jpg', 'Крупный план фар'),
(31, 31, 'https://example.com/photo31.jpg', 'Фото передней решетки'),
(32, 32, 'https://example.com/photo32.jpg', 'Фото сидений'),
(33, 33, 'https://example.com/photo33.jpg', 'Дополнительные фото приборной панели'),
(34, 34, 'https://example.com/photo34.jpg', 'Общий вид спереди'),
(35, 35, 'https://example.com/photo35.jpg', 'Фото спойлера'),
(36, 36, 'https://example.com/photo36.jpg', 'Фото зеркал'),
(37, 37, 'https://example.com/photo37.jpg', 'Фото крыла'),
(38, 38, 'https://example.com/photo38.jpg', 'Фото передних сидений'),
(39, 39, 'https://example.com/photo39.jpg', 'Дополнительные фото багажника'),
(40, 40, 'https://example.com/photo40.jpg', 'Фото заднего стекла'),
(41, 41, 'https://example.com/photo41.jpg', 'Общий вид сзади'),
(42, 42, 'https://example.com/photo42.jpg', 'Фото панели управления'),
(43, 43, 'https://example.com/photo43.jpg', 'Фото центральной консоли'),
(44, 44, 'https://example.com/photo44.jpg', 'Общий вид сбоку'),
(45, 45, 'https://example.com/photo45.jpg', 'Фото рычага передач'),
(46, 46, 'https://example.com/photo46.jpg', 'Крупный план руля'),
(47, 47, 'https://example.com/photo47.jpg', 'Фото сидений сзади'),
(48, 48, 'https://example.com/photo48.jpg', 'Дополнительные фото передней панели'),
(49, 49, 'https://example.com/photo49.jpg', 'Фото потолка'),
(50, 50, 'https://example.com/photo50.jpg', 'Фото подлокотников'),
(51, 51, 'https://example.com/photo51.jpg', 'Фото климат-контроля'),
(52, 52, 'https://example.com/photo52.jpg', 'Общий вид под капотом'),
(53, 53, 'https://example.com/photo53.jpg', 'Фото коробки передач'),
(54, 54, 'https://example.com/photo54.jpg', 'Фото тормозной системы'),
(55, 55, 'https://example.com/photo55.jpg', 'Фото кнопок управления'),
(56, 56, 'https://example.com/photo56.jpg', 'Крупный план решетки радиатора'),
(57, 57, 'https://example.com/photo57.jpg', 'Фото бокового зеркала'),
(58, 58, 'https://example.com/photo58.jpg', 'Общий вид кузова'),
(59, 59, 'https://example.com/photo59.jpg', 'Фото нижней части автомобиля'),
(60, 60, 'https://example.com/photo60.jpg', 'Фото выхлопной системы');

select*from photo;

CREATE TABLE platnyeUslugi (
    ID INT PRIMARY KEY,
    ID_Пользователя INT,
    ТипУслуги VARCHAR(50),
    Цена DECIMAL(10, 2),
    ДатаПокупки DATE,
    FOREIGN KEY (ID_Пользователя) REFERENCES polzovateli1(ID)
);

INSERT INTO platnyeUslugi(ID, ID_Пользователя, ТипУслуги, Цена, ДатаПокупки) VALUES
(1, 1, 'Выделение объявления', 500.00, '2023-02-10'),
(2, 2, 'Повышение объявления', 300.00, '2023-03-15'),
(3, 3, 'Выделение объявления', 500.00, '2023-04-20'),
(4, 4, 'Поднятие объявления', 200.00, '2023-05-25'),
(5, 5, 'Выделение объявления', 500.00, '2023-06-30'),
(6, 6, 'Повышение объявления', 300.00, '2023-07-10'),
(7, 7, 'Выделение объявления', 500.00, '2023-08-15'),
(8, 8, 'Поднятие объявления', 200.00, '2023-09-05'),
(9, 9, 'Повышение объявления', 300.00, '2023-10-01'),
(10, 10, 'Выделение объявления', 500.00, '2023-10-18'),
(11, 11, 'Поднятие объявления', 200.00, '2024-01-01'),
(12, 12, 'Повышение объявления', 300.00, '2024-01-02'),
(13, 13, 'Выделение объявления', 500.00, '2024-01-03'),
(14, 14, 'Выделение объявления', 500.00, '2024-01-04'),
(15, 15, 'Поднятие объявления', 200.00, '2024-01-05'),
(16, 16, 'Повышение объявления', 300.00, '2024-01-06'),
(17, 17, 'Поднятие объявления', 200.00, '2024-01-07'),
(18, 18, 'Выделение объявления', 500.00, '2024-01-08'),
(19, 19, 'Повышение объявления', 300.00, '2024-01-09'),
(20, 20, 'Поднятие объявления', 200.00, '2024-01-10'),
(21, 21, 'Выделение объявления', 500.00, '2024-01-11'),
(22, 22, 'Повышение объявления', 300.00, '2024-01-12'),
(23, 23, 'Поднятие объявления', 200.00, '2024-01-13'),
(24, 24, 'Выделение объявления', 500.00, '2024-01-14'),
(25, 25, 'Повышение объявления', 300.00, '2024-01-15'),
(26, 26, 'Поднятие объявления', 200.00, '2024-01-16'),
(27, 27, 'Выделение объявления', 500.00, '2024-01-17'),
(28, 28, 'Повышение объявления', 300.00, '2024-01-18'),
(29, 29, 'Поднятие объявления', 200.00, '2024-01-19'),
(30, 30, 'Выделение объявления', 500.00, '2024-01-20'),
(31, 31, 'Повышение объявления', 300.00, '2024-01-21'),
(32, 32, 'Поднятие объявления', 200.00, '2024-01-22'),
(33, 33, 'Выделение объявления', 500.00, '2024-01-23'),
(34, 34, 'Повышение объявления', 300.00, '2024-01-24'),
(35, 35, 'Поднятие объявления', 200.00, '2024-01-25'),
(36, 36, 'Выделение объявления', 500.00, '2024-01-26'),
(37, 37, 'Повышение объявления', 300.00, '2024-01-27'),
(38, 38, 'Поднятие объявления', 200.00, '2024-01-28'),
(39, 39, 'Выделение объявления', 500.00, '2024-01-29'),
(40, 40, 'Повышение объявления', 300.00, '2024-01-30'),
(41, 41, 'Поднятие объявления', 200.00, '2024-01-31'),
(42, 42, 'Выделение объявления', 500.00, '2024-02-01'),
(43, 43, 'Повышение объявления', 300.00, '2024-02-02'),
(44, 44, 'Поднятие объявления', 200.00, '2024-02-03'),
(45, 45, 'Выделение объявления', 500.00, '2024-02-04'),
(46, 46, 'Повышение объявления', 300.00, '2024-02-05'),
(47, 47, 'Поднятие объявления', 200.00, '2024-02-06'),
(48, 48, 'Выделение объявления', 500.00, '2024-02-07'),
(49, 49, 'Повышение объявления', 300.00, '2024-02-08'),
(50, 50, 'Поднятие объявления', 200.00, '2024-02-09'),
(51, 1, 'Выделение объявления', 500.00, '2024-02-10'),
(52, 2, 'Повышение объявления', 300.00, '2024-02-11'),
(53, 3, 'Поднятие объявления', 200.00, '2024-02-12'),
(54, 4, 'Выделение объявления', 500.00, '2024-02-13'),
(55, 5, 'Повышение объявления', 300.00, '2024-02-14'),
(56, 6, 'Поднятие объявления', 200.00, '2024-02-15'),
(57, 7, 'Выделение объявления', 500.00, '2024-02-16'),
(58, 8, 'Повышение объявления', 300.00, '2024-02-17'),
(59, 9, 'Поднятие объявления', 200.00, '2024-02-18'),
(60, 10, 'Выделение объявления', 500.00, '2024-02-19');

select*from platnyeUslugi;
-- Таблица Кредиты
CREATE TABLE kredit (
    ID INT PRIMARY KEY,
    ID_Объявления INT,
    ПроцентнаяСтавка DECIMAL(4, 2),
    Срок INT,
    ЕжемесячныйПлатеж DECIMAL(10, 2),
    ПервоначальныйВзнос DECIMAL(10, 2),
    FOREIGN KEY (ID_Объявления) REFERENCES obiavlenia(ID)
);

INSERT INTO kredit (ID, ID_Объявления, ПроцентнаяСтавка, Срок, ЕжемесячныйПлатеж, ПервоначальныйВзнос)
VALUES
(1, 1, 4.5, 60, 25000.00, 3000000.00),
(2, 2, 5.0, 48, 32000.00, 2500000.00),
(3, 3, 3.8, 36, 45000.00, 5000000.00),
(4, 4, 6.0, 24, 60000.00, 2000000.00),
(5, 5, 4.0, 60, 18000.00, 1500000.00),
(6, 6, 5.2, 36, 35000.00, 4000000.00),
(7, 7, 4.7, 48, 29000.00, 3000000.00),
(8, 8, 5.5, 60, 23000.00, 1000000.00),
(9, 9, 3.9, 36, 40000.00, 3500000.00),
(10, 10, 4.8, 48, 27000.00, 2500000.00),
(11, 11, 4.2, 60, 22000.00, 5000000.00),
(12, 12, 3.5, 48, 18000.00, 4000000.00),
(13, 13, 5.0, 36, 32000.00, 6000000.00),
(14, 14, 4.8, 24, 27000.00, 7000000.00),
(15, 15, 4.0, 60, 20000.00, 8000000.00),
(16, 16, 5.5, 48, 24000.00, 3000000.00),
(17, 17, 3.8, 36, 45000.00, 9000000.00),
(18, 18, 4.7, 24, 30000.00, 1000000.00),
(19, 19, 4.5, 60, 23000.00, 2000000.00),
(20, 20, 5.2, 48, 35000.00, 6000000.00),
(21, 21, 4.5, 60, 26000.00, 3100000.00),
(22, 22, 5.0, 48, 34000.00, 2700000.00),
(23, 23, 3.8, 36, 46000.00, 5100000.00),
(24, 24, 6.0, 24, 61000.00, 2100000.00),
(25, 25, 4.0, 60, 19000.00, 1600000.00),
(26, 26, 5.2, 36, 36000.00, 4100000.00),
(27, 27, 4.7, 48, 30000.00, 3100000.00),
(28, 28, 5.5, 60, 24000.00, 1100000.00),
(29, 29, 3.9, 36, 41000.00, 3600000.00),
(30, 30, 4.8, 48, 28000.00, 2600000.00),
(31, 31, 4.2, 60, 23000.00, 5200000.00),
(32, 32, 3.5, 48, 19000.00, 4100000.00),
(33, 33, 5.0, 36, 33000.00, 6100000.00),
(34, 34, 4.8, 24, 28000.00, 7100000.00),
(35, 35, 4.0, 60, 21000.00, 8200000.00),
(36, 36, 5.5, 48, 25000.00, 3100000.00),
(37, 37, 3.8, 36, 46000.00, 9100000.00),
(38, 38, 4.7, 24, 31000.00, 1200000.00),
(39, 39, 4.5, 60, 24000.00, 2200000.00),
(40, 40, 5.2, 48, 36000.00, 6200000.00),
(41, 41, 3.7, 36, 47000.00, 4300000.00),
(42, 42, 4.6, 60, 25000.00, 2800000.00),
(43, 43, 5.0, 48, 34000.00, 2900000.00),
(44, 44, 3.9, 36, 42000.00, 4000000.00),
(45, 45, 5.4, 60, 26000.00, 5000000.00),
(46, 46, 4.1, 48, 22000.00, 2100000.00),
(47, 47, 3.6, 24, 38000.00, 4300000.00),
(48, 48, 4.9, 36, 30000.00, 2400000.00),
(49, 49, 5.3, 48, 33000.00, 5100000.00),
(50, 50, 4.4, 60, 27000.00, 6100000.00),
(51, 51, 3.7, 36, 41000.00, 2200000.00),
(52, 52, 5.1, 48, 35000.00, 3200000.00),
(53, 53, 3.8, 24, 37000.00, 4300000.00),
(54, 54, 4.7, 36, 31000.00, 2500000.00),
(55, 55, 5.4, 48, 34000.00, 6200000.00),
(56, 56, 4.2, 60, 23000.00, 5400000.00),
(57, 57, 3.9, 36, 45000.00, 4700000.00),
(58, 58, 5.0, 24, 28000.00, 5200000.00),
(59, 59, 4.6, 48, 33000.00, 3900000.00),
(60, 60, 4.3, 60, 24000.00, 4500000.00);

select*from kredit;

-- Таблица ПлатежиПоКредиту
CREATE TABLE platezhi (
    ID INT PRIMARY KEY,
    ID_Кредита INT,
    ДатаПлатежа DATE,
    СуммаПлатежа DECIMAL(10, 2),
    Статус VARCHAR(20) DEFAULT 'Ожидается',
    FOREIGN KEY (ID_Кредита) REFERENCES kredit(ID)
);
INSERT INTO platezhi (ID, ID_Кредита, ДатаПлатежа, СуммаПлатежа, Статус)
VALUES
(1, 1, '2024-01-10', 25000.00, 'Ожидается'),
(2, 1, '2024-02-10', 25000.00, 'Ожидается'),
(3, 2, '2024-01-15', 32000.00, 'Ожидается'),
(4, 2, '2024-02-15', 32000.00, 'Ожидается'),
(5, 3, '2024-01-20', 45000.00, 'Оплачено'),
(6, 3, '2024-02-20', 45000.00, 'Ожидается'),
(7, 4, '2024-01-25', 60000.00, 'Оплачено'),
(8, 4, '2024-02-25', 60000.00, 'Ожидается'),
(9, 5, '2024-01-30', 18000.00, 'Оплачено'),
(10, 5, '2024-10-30', 18000.00, 'Ожидается'),
(11, 11, '2024-03-10', 22000.00, 'Ожидается'),
(12, 12, '2024-03-11', 18000.00, 'Ожидается'),
(13, 13, '2024-03-12', 32000.00, 'Оплачено'),
(14, 14, '2024-03-13', 27000.00, 'Ожидается'),
(15, 15, '2024-03-14', 20000.00, 'Ожидается'),
(16, 16, '2024-03-15', 24000.00, 'Оплачено'),
(17, 17, '2024-03-16', 45000.00, 'Ожидается'),
(18, 18, '2024-03-17', 30000.00, 'Оплачено'),
(19, 19, '2024-03-18', 23000.00, 'Ожидается'),
(20, 20, '2024-03-19', 35000.00, 'Ожидается'),
(21, 21, '2024-01-11', 26000.00, 'Оплачено'),
(22, 22, '2024-01-12', 34000.00, 'Ожидается'),
(23, 23, '2024-01-13', 46000.00, 'Оплачено'),
(24, 24, '2024-01-14', 61000.00, 'Ожидается'),
(25, 25, '2024-01-15', 19000.00, 'Оплачено'),
(26, 26, '2024-01-16', 36000.00, 'Ожидается'),
(27, 27, '2024-01-17', 30000.00, 'Оплачено'),
(28, 28, '2024-01-18', 24000.00, 'Ожидается'),
(29, 29, '2024-01-19', 41000.00, 'Оплачено'),
(30, 30, '2024-01-20', 28000.00, 'Ожидается'),
(31, 31, '2024-01-21', 23000.00, 'Оплачено'),
(32, 32, '2024-01-22', 19000.00, 'Ожидается'),
(33, 33, '2024-01-23', 33000.00, 'Оплачено'),
(34, 34, '2024-01-24', 28000.00, 'Ожидается'),
(35, 35, '2024-01-25', 21000.00, 'Оплачено'),
(36, 36, '2024-01-26', 25000.00, 'Ожидается'),
(37, 37, '2024-01-27', 46000.00, 'Оплачено'),
(38, 38, '2024-01-28', 31000.00, 'Ожидается'),
(39, 39, '2024-01-29', 24000.00, 'Оплачено'),
(40, 40, '2024-01-30', 36000.00, 'Ожидается'),
(41, 41, '2024-02-01', 25000.00, 'Оплачено'),
(42, 42, '2024-02-02', 34000.00, 'Ожидается'),
(43, 43, '2024-02-03', 42000.00, 'Оплачено'),
(44, 44, '2024-02-04', 26000.00, 'Ожидается'),
(45, 45, '2024-02-05', 22000.00, 'Оплачено'),
(46, 46, '2024-02-06', 38000.00, 'Ожидается'),
(47, 47, '2024-02-07', 30000.00, 'Оплачено'),
(48, 48, '2024-02-08', 33000.00, 'Ожидается'),
(49, 49, '2024-02-09', 27000.00, 'Оплачено'),
(50, 50, '2024-02-10', 41000.00, 'Ожидается'),
(51, 51, '2024-02-11', 35000.00, 'Оплачено'),
(52, 52, '2024-02-12', 37000.00, 'Ожидается'),
(53, 53, '2024-02-13', 31000.00, 'Оплачено'),
(54, 54, '2024-02-14', 34000.00, 'Ожидается'),
(55, 55, '2024-02-15', 23000.00, 'Оплачено'),
(56, 56, '2024-02-16', 45000.00, 'Ожидается'),
(57, 57, '2024-02-17', 28000.00, 'Оплачено'),
(58, 58, '2024-02-18', 33000.00, 'Ожидается'),
(59, 59, '2024-02-19', 24000.00, 'Оплачено'),
(60, 60, '2024-02-20', 35000.00, 'Ожидается');

select*from platezhi;

CREATE TABLE izbrannye (
    ID INT PRIMARY KEY,
    ID_Пользователя INT NOT NULL,
    ID_Объявления INT NOT NULL,
    FOREIGN KEY (ID_Пользователя) REFERENCES polzovateli1(ID) ON DELETE CASCADE, 
    FOREIGN KEY (ID_Объявления) REFERENCES obiavlenia(ID) ON DELETE CASCADE,
    UNIQUE (ID_Пользователя, ID_Объявления) 
);


INSERT INTO izbrannye (ID, ID_Пользователя, ID_Объявления) VALUES
(1, 1, 1),
(2, 1, 2),
(3, 2, 3),
(4, 2, 4),
(5, 3, 5),
(6, 3, 6),
(7, 4, 7),
(8, 4, 8),
(9, 5, 9),
(10, 5, 10),
(11, 6, 11),
(12, 6, 12),
(13, 7, 13),
(14, 7, 14),
(15, 8, 15),
(16, 8, 16),
(17, 9, 17),
(18, 9, 18),
(19, 10, 19),
(20, 10, 20),
(21, 11, 21),
(22, 11, 22),
(23, 12, 23),
(24, 12, 24),
(25, 13, 25),

select*from izbrannye;

Select*from platezhi
where Статус = 'Оплачено';

Select*from transportnyeSredstva
where Бренд = 'Mercedes-Benz' and Город = 'Астана';


Select * from transportnyeSredstva
where Пробег between 5000 and 10000;

select * from transportnyeSredstva
where Кузов ='Седан' and КоробкаПередач = 'Автомат' and Год = '2022'; 

select distinct Бренд,Модель from transportnyeSredstva;

select distinct ТипУслуги from platnyeUslugi;

SELECT DISTINCT ПроцентнаяСтавка 
FROM kredit
ORDER BY ПроцентнаяСтавка DESC;


Select Оценка, Комментарий from otzyv
order by Оценка, Комментарий ASC;


select *from polzovateli1
order by КоличествоОбъявлений
limit 7 Offset 3;

select*from photo
order by Описание
limit 10;


select* from transportnyeSredstva
where Цвет In ('Белый','Черный','Синий');

select * from transportnyeSredstva
where ВидТоплива like 'Бензин%';

select avg(Цена) as avg_price from obiavlenia;


SELECT count (*) Модель
FROM transportnyeSredstva;

Select Max (Пробег)from transportnyeSredstva
Where Бренд ='Audi';

Select Min (СуммаПлатежа) from platezhi;

select min (ПервоначальныйВзнос) from Kredit
where ПроцентнаяСтавка between 3.0 and 5.0;


select sum (Цена) from platnyeUslugi
where ТипУслуги= 'Повышение объявления' and ДатаПокупки between '2024-01-14' and '2024-02-14';

Select Срок, AVG(ПроцентнаяСтавка) AS СредняяПроцентнаяСтавка, 
AVG(ЕжемесячныйПлатеж) AS СреднийЕжемесячныйПлатеж FROM kredit
GROUP BY Срок;

Select Год,Город, Count(Бренд) As КоличествоБренд
from  transportnyeSredstva
Group by Год, Город
Order by Город;


SELECT *FROM Kredit
WHERE ЕжемесячныйПлатеж > (SELECT AVG(ЕжемесячныйПлатеж) FROM Kredit);



SELECT chat1.Дата AS ДатаСообщения,
    отправитель.Имя AS Отправитель,
    получатель.Имя AS Получатель,
    chat1.Сообщение AS ТекстСообщения FROM chat1
JOIN polzovateli1 AS отправитель ON chat1.ID_Пользователя1 = отправитель.ID
JOIN polzovateli1 AS получатель ON chat1.ID_Пользователя2 = получатель.ID;


SELECT obiavlenia.ID AS ОбъявлениеID,
    polzovateli1.Имя AS ИмяПользователя,
    polzovateli1.КонтактныеДанные AS Контакты,
    obiavlenia.Цена AS ЦенаОбъявления,
    obiavlenia.Статус AS СтатусОбъявления FROM obiavlenia
INNER JOIN polzovateli1 ON obiavlenia.ID_Пользователя = polzovateli1.ID;


SELECT polzovateli1.ID AS ПользовательID,
    polzovateli1.Имя AS ИмяПользователя,
    obiavlenia.Цена AS ЦенаОбъявления,
    obiavlenia.Статус AS СтатусОбъявления FROM polzovateli1
LEFT JOIN obiavlenia ON polzovateli1.ID = obiavlenia.ID_Пользователя;


SELECT obiavlenia.ID AS ОбъявлениеID,
    obiavlenia.Цена AS ЦенаОбъявления,
    polzovateli1.Имя AS ИмяПользователя,
    polzovateli1.КонтактныеДанные AS Контакты FROM obiavlenia
RIGHT JOIN polzovateli1 ON obiavlenia.ID_Пользователя = polzovateli1.ID;


SELECT polzovateli1.Имя AS ИмяПользователя,
    obiavlenia.Цена AS ЦенаОбъявления
FROM polzovateli1 CROSS JOIN obiavlenia;


SELECT ID_Пользователя FROM obiavlenia
INTERSECT SELECT ID_Пользователя FROM otzyv;


SELECT ID_Пользователя FROM obiavlenia
UNION SELECT ID_Пользователя FROM otzyv;

SELECT Имя, КонтактныеДанные FROM polzovateli1
EXCEPT SELECT Имя, КонтактныеДанные FROM polzovateli1
JOIN otzyv ON polzovateli1.ID = otzyv.ID_Пользователя;



